Cluster_Label,专家数量,密度
0,151,2.491845056
1,77,2.05295163
2,116,2.943163245
3,11,0.324110937
4,25,0.605284841
